patient_id,coverage_start,coverage_end
P0025,2021-07-20,2023-06-21
P0152,2019-06-28,2020-05-16
P0187,2019-12-24,2021-11-19
P0061,2018-06-14,2020-05-01
P0124,2018-05-24,2020-01-20
P0071,2018-06-17,2025-12-22
P0194,2018-06-04,2025-12-07
P0184,2018-01-04,2019-09-19
P0261,2020-04-03,2022-02-08
P0258,2018-03-27,2025-12-26
P0431,2018-02-10,2020-05-11
P0450,2020-09-09,2025-10-17
P0087,2019-11-04,2021-02-16
P0324,2018-03-23,2019-10-06
P0495,2018-03-07,2019-05-12
P0476,2020-09-02,2025-12-27
P0209,2019-11-22,2021-04-04
P0175,2024-05-13,2025-01-20
P0138,2020-11-01,2025-11-01
P0132,2021-09-03,2025-12-07
P0327,2018-04-08,2020-01-20
P0054,2018-06-24,2020-06-16
P0265,2018-06-03,2025-10-02
P0467,2018-06-24,2025-10-29
P0130,,2025-08-29
P0203,2018-06-26,2019-12-19
P0256,2018-05-22,2019-09-08
P0020,2019-08-23,2025-07-14
P0457,2020-11-08,2025-10-07
P0155,2018-01-05,2019-04-24
P0210,2021-05-14,2025-12-05
P0263,2018-06-02,2019-11-17
P0409,2018-02-06,2020-09-10
P0139,2020-01-27,2025-11-19
P0445,2021-10-21,2023-05-16
P0444,2018-05-07,2025-07-19
P0362,2020-05-05,2025-07-16
P0284,2021-06-02,2025-11-25
P0337,2018-03-28,2020-03-05
P0447,2018-03-02,2019-11-28
P0149,2018-02-26,2025-09-16
P0162,2018-03-03,2025-09-28
P0123,2018-03-14,2020-08-21
P0473,2018-02-17,2025-07-08
P0353,2021-02-04,2025-08-23
P0304,2020-03-02,2021-12-17
P0146,2020-12-25,2025-09-02
P0188,2018-01-27,2019-01-28
P0070,2018-03-24,2025-12-10
P0259,2018-05-31,2025-10-18
P0237,2018-04-23,2025-08-12
P0189,2020-04-24,2022-02-23
P0015,2018-04-06,2020-05-21
P0449,2018-05-30,2025-12-08
P0134,2018-03-20,2019-06-23
P0169,2018-01-02,2019-03-02
P0247,2018-01-19,2019-03-08
P0043,2018-04-18,2025-11-15
P0491,2020-11-22,2025-11-15
P0464,2021-04-16,2022-01-29
P0446,2018-03-29,2019-12-05
P0309,2018-05-01,2025-11-23
P0119,2018-04-02,2025-07-07
P0050,2018-03-19,2019-09-13
P0042,2021-05-10,2025-12-23
P0041,2018-05-05,2021-01-01
P0333,2018-01-19,2025-12-12
P0191,2020-02-13,2021-05-27
P0042,2018-03-18,2020-11-22
P0213,2018-05-13,2025-10-02
P0253,2024-11-06,2025-05-11
P0299,2018-03-16,2019-12-26
P0078,2018-06-12,2025-10-18
P0177,2021-01-16,2022-01-10
P0086,2020-08-30,2025-10-28
P0315,2019-12-21,2025-07-14
P0120,2018-05-15,2025-11-19
P0079,2018-05-18,2020-08-13
P0032,2018-01-12,2020-04-01
P0042,2021-05-10,2025-12-23
P0107,2018-04-02,2019-05-09
P0127,2019-05-14,2020-09-07
P0381,2021-05-03,2025-09-09
P0361,2020-11-27,2025-10-30
P0267,2023-08-18,2025-08-04
P0022,2018-01-24,2020-01-17
P0021,2018-01-04,2020-04-05
P0198,2018-01-24,2019-12-07
P0376,2018-01-14,2020-01-15
P0261,,2025-12-09
P0377,2018-04-30,2025-08-10
P0302,2019-12-29,2021-06-20
P0282,2018-06-18,2025-07-11
P0180,2018-03-24,2019-12-31
P0046,2018-05-21,2019-09-12
P0049,2020-06-12,2025-09-28
P0083,2021-06-17,2025-11-16
P0324,2019-11-06,2025-12-28
P0238,2019-06-18,2020-09-11
P0302,2021-07-20,2025-10-25
P0214,2020-02-02,2021-12-21
P0462,2019-10-20,2021-07-17
P0256,2020-01-26,2025-12-04
P0252,2020-02-23,2021-12-10
P0216,2021-06-19,2025-11-28
P0167,2019-12-07,2021-07-11
P0378,2020-10-05,2025-12-18
P0460,2021-03-31,2025-10-30
P0215,2020-12-17,2025-11-26
P0196,2020-03-21,2025-08-08
P0362,2018-06-26,2020-01-23
P0388,2018-06-17,2025-10-08
P0174,2019-09-30,2021-01-11
P0004,2018-03-23,2019-07-14
P0035,2018-01-09,2020-05-12
P0347,2020-01-19,2021-10-19
P0482,2018-01-18,2025-08-07
P0500,2018-02-09,2025-09-14
P0468,2018-03-05,2020-01-28
P0223,2018-03-23,2025-09-05
P0061,2020-06-26,2025-08-12
P0495,2019-06-11,2020-08-31
P0049,2018-02-06,2020-03-28
P0111,2018-02-25,2019-12-31
P0487,2021-01-31,2022-09-28
P0494,2018-06-30,2019-05-17
P0172,2018-02-21,2019-07-04
P0289,2018-03-18,2019-12-24
P0429,2022-04-12,2023-09-27
P0142,2019-10-13,2021-09-01
P0053,2019-11-09,2021-06-01
P0006,2018-02-21,2019-09-06
P0419,2018-04-27,2019-07-02
P0151,2018-03-31,2019-07-24
P0447,2021-09-21,2025-10-30
P0076,2021-06-29,2025-11-13
P0422,2020-09-24,2025-10-13
P0157,2020-08-31,2025-11-02
P0020,2018-02-22,2019-04-22
P0131,2021-05-03,2025-10-05
P0475,2018-03-22,2020-01-03
P0318,2018-01-19,2019-04-03
P0412,2019-12-09,2021-07-16
P0051,2018-05-01,2025-12-09
P0374,2019-05-28,2020-12-20
P0193,2020-05-21,2025-11-27
P0321,2020-01-21,2025-12-15
P0131,2018-01-25,2019-09-25
P0142,2019-10-13,2021-09-01
P0439,2018-12-26,2020-03-31
P0402,2018-04-07,2020-01-01
P0413,2018-03-27,2019-12-21
P0270,2018-01-15,2025-07-09
P0332,2018-03-28,2019-06-05
P0458,2018-01-26,2019-05-01
P0426,2018-01-09,2019-10-22
P0415,2020-11-16,2025-12-25
P0005,2018-03-27,2019-09-28
P0209,2018-03-04,2019-08-23
P0098,2019-08-30,2020-09-22
P0410,2020-04-01,2022-02-15
P0064,2018-04-03,2025-10-10
P0489,2018-06-25,2020-10-05
P0320,2018-06-05,2025-10-27
P0197,2018-05-25,2025-12-29
P0481,2018-02-13,2020-04-07
P0001,2021-07-17,2025-12-22
P0460,2018-03-10,2019-06-02
P0472,2020-11-26,2025-07-21
P0186,2019-09-09,2021-06-25
P0405,2020-09-03,2025-10-24
P0384,2018-02-21,2019-11-24
P0346,2019-05-26,2020-06-15
P0478,2018-01-18,2025-12-23
P0325,2021-01-28,2025-08-25
P0410,2022-04-30,2025-10-23
P0157,2019-05-14,2020-07-18
P0328,2018-05-28,2025-11-26
P0402,2020-02-29,2025-10-24
P0292,2018-06-29,2019-09-23
P0463,2021-04-22,2022-09-21
P0050,2019-12-10,2021-10-24
P0092,2019-03-22,2020-08-06
P0225,2018-02-11,2025-07-12
P0331,2018-07-31,2019-08-18
P0451,2018-05-26,2025-09-18
P0420,2019-10-13,2025-10-03
P0131,2020-01-06,2021-03-23
P0198,2020-05-29,2025-07-28
P0129,2021-02-05,2025-07-22
P0085,2018-02-05,2019-04-14
P0380,2020-08-18,2025-08-19
P0458,2019-08-11,2021-04-23
P0313,2021-05-26,2022-11-09
P0035,2020-06-21,2025-10-08
P0369,2018-03-24,2025-12-01
P0387,2018-02-23,2025-07-08
P0448,2018-03-13,2019-11-02
P0359,2018-05-08,2025-07-22
P0431,2020-07-08,2025-12-11
P0353,2018-06-02,2020-10-06
P0420,2018-02-24,2019-04-28
P0227,2018-03-28,2019-06-27
P0289,2021-11-18,2025-12-13
P0248,2020-01-18,2021-03-12
P0039,2018-01-31,2019-11-26
P0124,2020-07-02,2025-07-22
P0365,2022-01-31,2025-12-31
P0365,2020-01-23,2021-12-05
P0132,2018-01-13,2019-06-01
P0349,2018-02-09,2019-05-14
P0290,2020-05-04,2025-09-04
P0337,2020-08-18,2025-08-03
P0372,2018-05-18,2025-11-25
P0401,2020-11-23,2025-12-17
P0181,2018-01-11,2025-08-29
P0410,2018-03-22,2020-02-01
P0460,2019-09-03,2020-12-03
P0056,2019-08-03,2021-07-16
P0481,2020-10-02,2025-12-29
P0114,2018-04-14,2019-06-17
P0272,2018-01-21,2025-10-16
P0236,2018-03-24,2020-10-27
P0214,2022-02-16,2025-12-18
P0100,2018-02-11,2025-10-30
P0044,2020-05-11,2021-10-17
P0260,2020-11-01,2025-09-17
P0084,2018-03-01,2020-01-14
P0028,2018-04-04,2025-11-06
P0174,2021-03-02,2025-10-13
P0044,2022-01-17,2025-10-21
P0199,2019-12-05,2025-12-19
P0486,2018-03-29,2025-12-15
P0201,2018-05-30,2025-07-18
P0273,2020-04-19,2021-08-26
P0086,2018-02-24,2019-02-27
P0052,2024-06-14,2025-10-24
P0104,2020-10-15,2025-09-30
P0104,2018-04-07,2020-07-08
P0019,2018-03-29,2025-08-04
P0268,2021-02-02,2021-09-06
P0120,2018-05-15,2025-11-19
P0161,2018-09-07,2019-10-11
P0330,2020-08-10,2025-07-16
P0251,2018-03-20,2020-01-17
P0086,2019-06-21,2020-07-18
P0327,2020-03-23,2025-08-01
P0343,2018-02-08,2025-08-30
P0087,2021-03-31,2025-11-11
P0110,2021-03-09,2022-05-28
P0004,2019-09-25,2025-08-18
P0332,2021-05-31,2025-12-06
P0261,2018-03-08,2020-01-01
P0144,2019-08-11,2020-10-04
P0180,2020-04-14,2021-12-23
P0046,2019-10-21,2025-07-23
P0355,2018-06-06,2025-08-15
P0457,2018-05-04,2020-08-26
P0244,2018-02-15,2025-10-21
P0091,2018-03-02,2019-12-27
P0144,2018-03-25,2019-05-09
P0136,2018-03-16,2019-06-09
P0193,2018-05-24,2019-12-04
P0204,2018-04-27,2019-12-29
P0084,2020-03-26,2025-08-16
P0295,2018-02-18,2019-07-16
P0169,2019-06-25,2020-08-09
P0281,2018-04-03,2020-11-22
P0026,2019-10-31,2025-07-16
P0317,2018-01-16,2019-12-18
P0069,2020-02-25,2025-12-13
P0335,2018-05-08,2025-10-13
P0036,2018-02-03,2025-12-12
P0209,2021-07-30,2025-12-06
P0474,2018-05-16,2025-10-12
P0271,2018-02-22,2019-12-24
P0015,2020-10-15,2025-07-29
P0057,2018-02-14,2025-10-09
P0226,2018-03-01,2025-07-05
P0428,2020-10-18,2025-12-21
P0033,2018-02-22,2025-07-29
P0214,2018-03-19,2019-10-12
P0472,2018-03-09,2020-10-02
P0329,2018-06-02,2019-11-13
P0160,2021-02-10,2025-12-08
P0231,2018-03-25,2025-11-07
P0354,2020-12-12,2025-09-01
P0215,2018-01-17,2019-02-02
P0185,2020-06-28,2025-08-23
P0011,2020-02-08,2021-09-28
P0389,2020-11-25,2025-11-03
P0178,2019-10-23,2025-07-13
P0053,2018-01-22,2019-08-12
P0039,2020-01-15,2025-10-20
P0427,2018-03-27,2019-10-24
P0171,2018-01-16,2025-09-22
P0293,2018-06-26,2025-11-17
P0135,2018-05-14,2025-10-20
P0294,2018-04-30,2025-09-01
P0114,2019-09-02,2025-08-01
P0221,2018-02-26,2025-07-16
P0319,2018-03-11,2019-10-23
P0137,2020-02-09,2025-09-21
P0299,2018-03-16,2019-12-26
P0360,2020-06-14,2025-07-13
P0205,2024-09-17,2025-09-15
P0211,2021-06-03,2025-08-20
P0291,2018-03-03,2025-11-10
P0316,2018-04-11,2025-07-27
P0111,2022-06-04,2025-10-17
P0413,2022-04-19,2025-10-29
P0235,2020-10-13,2025-11-23
P0103,2018-02-02,2025-11-16
P0151,2019-11-17,2021-09-08
P0329,2020-02-02,2025-07-16
P0495,2020-10-24,2025-10-28
P0047,2023-08-29,2024-07-10
P0074,2018-02-20,2025-08-26
P0277,2018-02-21,2019-03-11
P0266,2022-06-06,2024-03-13
P0067,2021-02-26,2021-09-09
P0075,2018-04-28,2019-09-02
P0273,2021-11-26,2025-10-15
P0058,2018-06-20,2020-12-27
P0108,2020-10-22,2025-09-02
P0055,2020-08-10,2025-07-30
P0284,2019-05-07,2021-03-03
P0477,2020-04-11,2021-09-17
P0477,2021-11-23,2025-12-01
P0314,2018-04-03,2025-09-07
P0416,2019-12-18,2021-10-27
P0059,2018-05-14,2025-07-14
P0006,2019-12-12,2025-08-25
P0227,2019-08-26,2020-12-12
P0027,2019-11-15,2025-07-24
P0027,2018-01-22,2019-10-01
P0195,2018-05-18,2019-03-22
P0106,2018-04-16,2025-10-16
P0448,2020-01-16,2021-10-14
P0308,2019-10-21,2025-08-09
P0413,2020-04-07,2022-02-26
P0271,2022-02-02,2025-10-27
P0112,2020-04-22,2021-09-11
P0336,2020-12-12,2025-12-17
P0488,2024-04-14,2025-12-31
P0112,2018-02-19,2020-01-13
P0351,2018-06-03,2025-12-06
P0412,2018-03-30,2019-10-17
P0356,2018-02-08,2025-07-30
P0156,2018-05-10,2025-08-20
P0466,2020-04-18,2021-05-17
P0199,2018-02-19,2019-07-25
P0318,2021-09-19,2025-10-10
P0009,,2025-08-17
P0002,2020-07-04,2021-06-25
P0379,2019-03-06,2019-10-01
P0155,2021-04-07,2025-12-31
P0352,2024-08-12,2025-12-31
P0255,2018-03-26,2025-11-12
P0216,2019-07-02,2021-03-09
P0137,2018-01-05,2019-10-16
P0275,2018-01-19,2018-11-18
P0243,2018-06-02,2025-07-25
P0398,2018-04-08,2025-07-17
P0191,2021-07-19,2025-11-14
P0300,2018-06-15,2025-09-01
P0005,2021-11-22,2025-11-07
P0151,2021-12-04,2025-11-24
P0014,2019-01-17,2020-07-17
P0211,2018-06-19,2021-01-01
P0136,2019-08-03,2025-11-08
P0423,2018-02-16,2020-04-11
P0442,2018-01-12,2019-07-03
P0489,2021-01-18,2025-11-28
P0299,2020-03-20,2021-08-15
P0202,2019-10-12,2021-09-07
P0427,2019-11-28,2025-12-03
P0127,2018-01-09,2019-01-25
P0145,2018-04-10,2025-12-20
P0058,2021-03-19,2025-08-02
P0073,2018-04-15,2025-07-10
P0248,2018-01-10,2019-11-16
P0323,2019-09-14,2020-08-20
P0170,2020-07-27,2025-09-06
P0115,2020-01-14,2021-10-08
P0415,2019-04-04,2020-08-05
P0325,2018-03-09,2020-08-04
P0097,2018-03-19,2025-07-24
P0048,2022-08-12,2024-06-04
P0450,2019-05-22,2020-06-18
P0318,2019-07-26,2021-06-17
P0168,2018-03-28,2020-02-22
P0044,2018-02-28,2020-01-24
P0417,2018-01-27,2025-11-27
P0117,2018-04-19,2019-07-06
P0166,2018-01-14,2019-12-06
P0354,2018-04-25,2020-09-12
P0321,2018-03-03,2019-09-08
P0144,2021-01-07,2025-12-03
P0055,2018-06-07,2020-04-24
P0435,2018-02-10,2020-10-07
P0076,2019-05-10,2021-03-03
P0081,2018-02-12,2019-05-30
P0421,2018-02-02,2025-12-16
P0174,2018-02-24,2019-08-05
P0146,2018-04-22,2020-09-29
P0001,2018-02-18,2019-10-28
P0026,2019-10-31,2025-07-16
P0442,2019-09-02,2021-04-19
P0447,2020-03-08,2021-08-07
P0236,2021-03-13,2025-12-19
P0302,2018-01-15,2019-10-21
P0304,2022-02-02,2025-10-14
P0168,2020-05-28,2021-08-31
P0400,2020-06-21,2021-09-19
P0076,2018-01-20,2019-02-28
P0140,2018-03-10,2025-10-18
P0361,2018-03-12,2019-05-28
P0276,2021-09-23,2025-10-28
P0397,2018-05-07,2020-01-04
P0167,2018-02-16,2019-11-02
P0189,2018-02-27,2020-01-12
P0349,2021-10-18,2025-12-16
P0090,2018-02-26,2025-10-30
P0366,2018-05-11,2020-11-03
P0322,2020-11-27,2025-12-16
P0465,2020-06-20,2025-07-12
P0371,2019-11-20,2020-12-18
P0217,2018-04-30,2025-08-21
P0163,2020-04-26,2025-08-28
P0361,2019-07-05,2020-08-17
P0184,2020-01-04,2025-10-31
P0254,2018-12-09,2020-04-10
P0186,2018-01-09,2019-06-24
P0296,2018-03-23,2025-09-04
P0029,2020-06-18,2025-11-14
P0208,2018-06-27,2025-09-01
P0218,2019-11-20,2021-05-25
P0365,2018-03-22,2019-10-11
P0158,2018-01-09,2025-10-07
P0122,2018-05-01,2020-01-22
P0042,2021-05-10,2025-12-23
P0428,2018-05-08,2020-06-15
P0069,2018-03-02,2019-11-14
P0038,2020-02-27,2025-09-07
P0381,2018-04-21,2020-12-19
P0289,2020-03-22,2021-08-30
P0063,2018-05-14,2025-11-08
P0269,2018-02-27,2025-07-24
P0350,2018-04-24,2025-12-11
P0459,2020-08-02,2025-09-30
P0370,2018-06-10,2025-07-07
P0298,2020-10-07,2025-07-15
P0112,2021-11-26,2025-11-21
P0182,2019-09-28,2025-10-27
P0283,2018-03-07,2025-07-23
P0037,2018-03-24,2025-11-30
P0496,2022-05-24,2025-11-23
P0093,2018-01-27,2025-08-24
P0080,2019-12-27,2025-12-31
P0408,2018-03-15,2025-10-15
P0446,2020-02-20,2021-09-22
P0115,2022-01-29,2025-11-16
P0344,2018-04-22,2025-10-09
P0032,2020-08-04,2025-10-16
P0366,2021-03-25,2025-12-26
P0271,2020-04-17,2022-01-01
P0158,2018-01-09,2025-10-07
P0308,2018-06-13,2019-09-16
P0190,2020-06-16,2022-02-24
P0210,2018-01-07,2019-10-15
P0491,2018-01-10,2019-03-30
P0089,2018-05-20,2020-11-30
P0285,2020-07-20,2025-09-01
P0218,2018-01-19,2019-10-08
P0414,2019-11-11,2025-12-09
P0088,2018-05-17,2025-11-24
P0238,2020-11-26,2025-10-31
P0160,2018-04-22,2020-11-06
P0189,2022-06-13,2025-11-27
P0011,2021-12-25,2025-11-12
P0109,2018-04-24,2025-08-01
P0416,2022-01-09,2025-11-03
P0186,2021-10-14,2025-11-18
P0233,2018-02-25,2025-08-31
P0479,2018-05-15,2020-12-07
P0007,2021-11-07,2022-08-20
P0245,2019-12-11,2025-08-08
P0246,2018-03-31,2025-12-16
P0183,2023-10-13,2025-05-26
P0210,2020-01-09,2021-01-29
P0016,2019-09-25,2021-09-05
P0404,2018-03-10,2020-10-22
P0107,2019-08-09,2025-11-10
P0322,2018-02-07,2020-06-13
P0024,2021-04-30,2025-11-29
P0111,2020-04-23,2022-03-17
P0150,2018-03-25,2020-03-29
P0179,2021-05-09,2025-09-08
P0426,2019-12-06,2021-10-30
P0250,2018-06-29,2025-09-15
P0348,2020-05-29,2025-10-24
P0166,2020-02-19,2021-03-21
P0287,2018-02-01,2019-11-06
P0391,2018-01-17,2025-09-02
P0441,2018-02-18,2019-09-25
P0098,2018-03-19,2019-07-18
P0081,2019-08-29,2025-11-09
P0273,2018-03-11,2020-01-30
P0363,2018-06-08,2020-09-01
P0202,2021-10-19,2025-12-27
P0260,2018-02-12,2020-08-04
P0172,2019-10-09,2025-07-20
P0311,2018-03-10,2025-07-18
P0011,2018-03-19,2019-11-18
P0082,2018-03-18,2025-07-06
P0191,2018-01-09,2019-10-28
P0155,2019-08-11,2021-01-19
P0385,2024-08-01,2025-12-31
P0496,2018-03-01,2020-01-11
P0118,2018-04-23,2019-09-27
P0075,2019-12-07,2025-10-26
P0319,2020-03-22,2025-09-11
P0113,2018-04-23,2025-08-13
P0180,2022-01-30,2025-11-02
P0401,2018-01-28,2020-07-22
P0412,2021-09-07,2025-10-08
P0375,2018-06-19,2025-09-16
P0357,2018-01-28,2020-06-03
P0345,2019-05-10,2020-10-03
P0312,2018-03-01,2025-10-07
P0281,2018-04-03,2020-11-22
P0029,2018-05-05,2020-05-10
P0465,2018-04-08,2020-02-10
P0099,2018-04-18,2025-08-06
P0386,2018-05-28,2020-06-17
P0108,2020-10-22,2025-09-02
P0010,2024-03-04,2025-12-31
P0307,2018-06-19,2025-12-17
P0031,2018-04-28,2025-08-10
P0499,2018-05-17,2019-07-02
P0310,2018-05-04,2025-08-18
P0357,2020-07-04,2025-09-09
P0290,2018-05-29,2020-02-03
P0170,2018-03-06,2020-06-12
P0483,2018-01-05,2025-08-16
P0138,2020-11-01,2025-11-01
P0017,2018-01-16,2025-09-09
P0405,2018-03-07,2020-07-13
P0263,2020-02-20,2025-07-28
P0215,2019-04-02,2020-11-04
P0141,2018-03-20,2025-09-17
P0024,2019-08-31,2021-02-12
P0496,2020-03-10,2022-01-30
P0220,2018-03-06,2025-09-30
P0285,2018-02-03,2020-04-27
P0497,2018-05-22,2019-11-26
P0455,2018-01-04,2025-10-07
P0376,2020-04-01,2025-10-12
P0121,2023-08-22,2024-09-18
P0437,2019-04-25,2020-06-03
P0443,2018-02-02,2025-10-07
P0303,2019-07-13,2021-02-21
P0498,2018-01-11,2025-10-07
P0426,2022-01-09,2025-10-19
P0497,2020-03-02,2025-12-10
P0102,2019-11-13,2025-10-24
P0364,2018-06-19,2025-07-30
P0096,2018-02-04,2025-10-25
P0354,2018-04-25,2020-09-12
P0479,2021-05-15,2025-08-27
P0392,2018-06-12,2025-08-29
P0072,2018-06-23,2025-12-20
P0139,2018-06-28,2019-12-21
P0358,2018-02-11,2025-11-22
P0066,2018-01-23,2025-12-09
P0252,2022-04-01,2025-12-03
P0252,2018-03-24,2020-01-06
P0077,2018-04-10,2025-10-30
P0034,2021-01-04,2025-09-02
P0095,2018-06-10,2025-08-18
P0242,2018-02-23,2025-12-14
P0485,2018-05-19,2025-08-10
P0129,2018-04-06,2020-10-27
P0432,2018-02-24,2025-08-24
P0396,2020-08-03,2025-07-11
P0005,2020-01-10,2021-10-11
P0489,2021-01-18,2025-11-28
P0024,2018-01-21,2019-07-02
P0274,2018-03-12,2025-09-24
P0154,2018-02-12,2025-09-28
P0182,2018-03-30,2019-04-20
P0386,2020-11-25,2025-12-02
P0347,2018-01-18,2019-10-29
P0397,2020-05-08,2025-07-31
P0373,2018-04-12,2025-08-01
P0159,2018-12-31,2019-08-06
P0179,2018-06-11,2021-01-01
P0249,2018-01-31,2019-07-06
P0094,2018-03-01,2025-07-15
P0409,2020-12-10,2025-10-05
P0454,2018-01-14,2019-03-29
P0332,2019-08-16,2021-03-26
P0295,2019-10-06,2020-11-30
P0091,2021-07-04,2025-12-09
P0091,2020-04-08,2021-04-29
P0374,2018-02-27,2019-04-01
P0477,2018-03-06,2019-12-25
P0382,2018-01-16,2025-12-16
P0207,2018-06-24,2025-10-10
P0281,2021-05-19,2025-12-29
P0192,2023-03-26,2024-05-29
P0116,2018-05-25,2020-08-19
P0080,2018-04-29,2019-10-09
P0436,2018-01-08,2025-11-27
P0368,2018-03-22,2020-06-11
P0089,2021-01-18,2025-08-25
P0493,2018-04-19,2025-11-19
P0123,2020-09-25,2025-08-20
P0368,2020-08-16,2025-12-27
P0168,2021-10-16,2025-11-22
P0176,2018-06-24,2025-11-25
P0239,2018-03-19,2025-07-29
P0079,2021-02-05,2025-11-26
P0115,2018-03-24,2019-12-02
P0126,2020-12-29,2025-10-18
P0264,2018-02-28,2025-10-12
P0150,2020-09-17,2025-07-31
P0249,2019-09-30,2025-10-02
P0454,2019-06-01,2025-10-25
P0083,2020-02-17,2021-05-10
P0241,2018-01-20,2025-07-06
P0406,2018-04-09,2025-12-07
P0399,2021-03-07,2025-09-30
P0073,2018-04-15,2025-07-10
P0135,2018-05-14,2025-10-20
P0466,2021-07-01,2025-10-03
P0390,2018-03-06,2020-05-13
P0469,2018-06-19,2025-08-14
P0378,2018-02-27,2020-08-13
P0430,2018-05-26,2025-09-26
P0396,2018-06-27,2020-06-24
P0229,2018-01-02,2025-12-07
P0499,2019-09-30,2025-11-15
P0305,2020-07-07,2025-07-18
P0163,2018-03-04,2020-02-07
P0422,2018-05-22,2020-06-05
P0267,2023-08-18,2025-08-04
P0299,2021-10-27,2025-11-06
P0073,2018-04-15,2025-07-10
P0142,,2025-12-28
P0446,2021-11-16,2025-10-14
P0367,2018-04-22,2025-12-03
P0219,2018-01-30,2025-09-06
P0143,2018-01-28,2025-12-18
P0407,2018-02-24,2025-07-20
P0188,2019-03-03,2025-07-16
P0395,2020-04-17,2025-09-28
P0247,2019-04-26,2025-08-03
P0459,2018-01-27,2020-04-18
P0212,2018-05-28,2025-09-11
P0157,2018-01-24,2019-03-31
P0380,2018-05-16,2020-02-28
P0383,2018-01-18,2025-10-19
P0169,2020-09-17,2025-11-10
P0222,2018-02-12,2025-07-16
P0227,,2025-10-14
P0138,2018-05-30,2020-05-11
P0490,2018-01-23,2025-12-04
P0419,2019-12-25,2025-10-01
P0286,2020-08-25,2025-10-18
P0206,2018-06-22,2025-12-17
P0304,2018-03-10,2020-01-22
P0389,2018-06-20,2020-07-07
P0106,2018-04-16,2025-10-16
P0476,2018-06-09,2020-06-23
P0461,2019-02-09,2020-04-18
P0374,2021-01-27,2025-10-18
P0438,2018-02-10,2025-07-07
P0393,2019-02-12,2020-10-20
P0433,2018-01-21,2025-08-27
P0336,2019-05-22,2020-10-12
P0492,2018-06-09,2025-10-21
P0349,2019-09-09,2021-06-22
P0053,2021-07-12,2025-11-07
P0148,2019-09-06,2021-01-27
P0101,2018-02-28,2019-08-23
P0317,2020-02-23,2025-09-21
P0023,2018-02-25,2025-11-30
P0326,2018-03-17,2025-10-20
P0108,2018-06-29,2020-07-25
P0399,2018-04-27,2020-11-22
P0456,2018-05-15,2025-11-30
P0434,2018-06-01,2020-04-30
P0484,2020-04-30,2021-04-21
P0060,2018-02-05,2025-09-29
P0340,2018-04-12,2019-07-28
P0147,2018-02-03,2025-10-04
P0348,2018-04-17,2020-04-19
P0418,2018-03-20,2025-08-29
P0279,2018-06-17,2025-08-12
P0334,2018-03-10,2025-12-03
P0448,2021-11-22,2025-12-26
P0128,2018-06-02,2025-07-07
P0235,2018-04-12,2020-06-14
P0238,2018-02-16,2019-04-24
P0434,2020-06-27,2025-07-07
P0133,2020-05-26,2025-09-30
P0003,2018-03-19,2025-07-30
P0390,2020-08-30,2025-12-28
P0458,2021-06-24,2025-10-28
P0371,2018-02-13,2019-09-19
P0330,2018-05-03,2020-02-14
P0415,2018-01-28,2019-02-04
P0062,2018-02-18,2020-04-02
P0347,2022-01-27,2025-12-07
P0245,2018-06-23,2019-07-15
P0303,2018-01-14,2019-06-03
P0030,2018-05-24,2025-12-27
P0021,2020-05-25,2025-09-21
P0125,2019-08-31,2020-12-17
P0085,2019-07-20,2025-09-02
P0018,2018-05-31,2025-12-27
P0450,2018-01-23,2019-02-18
P0142,2018-03-22,2019-09-02
P0295,2021-02-22,2025-12-20
P0224,2018-03-18,2020-02-04
P0173,2018-01-04,2025-08-05
P0251,2020-02-22,2025-11-04
P0411,2018-05-23,2025-12-01
P0234,2021-02-21,2022-03-22
P0360,2018-04-27,2020-03-01
P0301,2018-05-10,2025-08-05
P0087,2018-03-30,2019-08-03
P0040,2018-05-22,2025-07-11
P0286,2018-03-07,2020-07-12
P0395,2018-03-23,2019-12-19
P0083,2018-03-02,2019-12-06
P0381,2018-04-21,2020-12-19
P0315,2018-06-01,2019-10-14
P0041,2021-05-27,2025-07-27
P0008,2019-05-11,2025-09-23
P0098,2021-01-10,2025-12-31
P0026,,2019-06-22
P0298,2018-01-19,2020-06-08
P0224,2020-06-09,2025-11-07
P0116,2020-10-13,2025-10-24
P0133,2018-03-17,2019-12-27
P0034,2018-03-29,2020-10-26
P0200,2018-02-06,2025-11-14
P0453,2018-05-19,2025-10-19
P0435,2020-12-08,2025-11-19
P0440,2018-03-17,2025-09-17
P0178,2018-02-01,2019-08-02
P0425,2018-06-10,2020-11-21
P0153,2018-04-21,2019-12-04
P0441,2020-02-20,2025-10-09
P0280,2018-05-21,2025-10-09
P0276,2019-08-27,2021-06-09
P0284,,2021-03-03
P0164,2018-02-28,2025-12-10
P0126,2018-03-07,2020-08-01
P0102,2018-06-14,2019-07-29
P0336,2018-01-07,2019-02-20
P0442,2021-05-31,2025-11-17
P0240,2018-08-21,2019-10-12
P0425,2020-12-24,2025-12-02
P0288,2018-01-17,2025-10-16
P0068,2018-01-05,2019-04-12
P0341,2019-11-08,2021-10-14
P0232,2018-03-14,2025-08-07
P0001,2020-01-04,2021-06-07
P0480,2018-03-11,2025-11-11
P0339,2018-06-10,2020-01-27
P0050,2022-02-12,2025-12-07
P0127,2020-12-11,2025-12-27
P0022,2020-03-18,2025-11-16
P0470,2018-03-10,2025-09-26
P0305,2018-02-18,2020-02-25
P0257,2023-06-15,2025-05-16
P0276,2018-02-05,2019-06-02
P0216,2018-03-20,2019-04-18
P0057,2018-02-14,2025-10-09
P0202,2018-01-16,2019-07-15
P0340,2019-10-22,2025-08-14
P0204,2020-04-06,2025-12-12
P0471,2022-01-02,2023-12-10
P0148,2018-01-31,2019-06-04
P0008,2018-01-02,2019-02-10
P0187,2022-03-12,2025-11-12
P0363,2021-01-17,2025-12-21
P0230,2018-06-28,2025-12-09
P0166,2021-06-18,2025-11-04
P0105,2018-05-05,2025-09-10
P0435,2018-02-10,2020-10-07
P0394,2021-02-07,2022-12-25
P0292,2020-02-01,2025-08-23
P0208,2018-06-27,2025-09-01
P0303,2021-04-28,2025-10-20
P0148,2021-04-03,2025-11-16
P0342,2018-05-07,2025-09-13
P0339,2020-04-26,2025-11-06
P0416,2018-02-14,2019-09-27
P0117,2019-10-07,2025-11-13
P0475,2020-02-25,2025-12-10
P0423,2020-05-15,2025-07-06
P0287,2021-07-02,2025-10-09
P0414,2018-01-27,2019-07-05
P0306,2018-05-10,2025-11-29
P0038,2018-05-19,2019-12-19
P0287,2019-12-17,2021-04-29
P0338,2020-12-11,2022-11-03
P0452,2018-02-02,2025-09-17
P0153,2020-01-22,2025-11-18
P0013,2024-02-08,2025-12-31
P0187,2018-01-12,2019-11-16
P0278,2018-06-13,2025-07-05
P0101,2019-09-23,2025-12-24
P0167,2021-08-22,2025-11-26
P0118,2020-01-29,2025-10-28
P0228,2018-04-09,2025-09-10
P0491,2019-05-12,2020-09-24
P0248,,2025-11-26
P0297,2018-01-07,2025-07-28
P0203,2020-03-19,2025-11-25
P0466,2018-02-15,2019-12-26
P0185,2018-05-25,2020-02-14
P0403,2018-01-08,2025-10-11
P0083,2021-06-17,2025-11-16
P0404,2021-01-11,2025-07-29
P0062,2020-08-31,2025-08-15
P0218,2021-07-31,2025-11-05
P0054,2020-12-01,2025-07-31
P0277,2019-06-18,2025-08-20
P0196,2018-01-12,2019-12-04
P0132,2019-09-08,2021-07-25
P0284,2018-01-25,2019-03-20
P0079,2018-05-18,2020-08-13
P0371,2021-03-15,2025-10-17
P0012,2018-02-15,2025-10-16
P0424,2018-05-01,2025-08-10
P0045,2019-12-22,2020-09-15
P0068,2019-08-14,2025-10-27
P0165,2018-03-22,2025-11-16
P0262,2024-06-27,2025-08-11
P0065,2018-03-22,2025-09-18
